{"train_loss":0.04168056468720789,"val_loss":0.1149238563378652,"_wandb":{"runtime":391},"epoch":33,"_timestamp":1.754266198516454e+09,"_runtime":391.0261675,"_step":32,"train_acc":0.9861666666666666,"val_acc":0.9706666666666667}