{"train_loss":0.015011903193330876,"_step":28,"epoch":29,"val_acc":0.9775,"_runtime":375.4299157,"_timestamp":1.7542621198166304e+09,"_wandb":{"runtime":375},"train_acc":0.9950555555555556,"val_loss":0.1101833864102761}