{"val_loss":0.07217140176892281,"_timestamp":1.7542205806032457e+09,"_wandb":{"runtime":182},"train_acc":0.9805,"_step":12,"train_loss":0.06027689784599675,"val_acc":0.9788333333333333,"epoch":13,"_runtime":174.6182549}