{"train_loss":0.1464689950865728,"epoch":50,"train_acc":0.9533703703703704,"val_acc":0.965,"_timestamp":1.754264975985087e+09,"_runtime":595.7273996,"_wandb":{"runtime":595},"_step":49,"val_loss":0.11717137277126312}