{"train_loss":0.021276491182511327,"_runtime":150.5101979,"val_acc":0.9751666666666666,"_step":11,"_wandb":{"runtime":150},"val_loss":0.10527166720728079,"epoch":12,"train_acc":0.9928703703703704,"_timestamp":1.754243866670118e+09}