{"_wandb":{"runtime":453},"epoch":31,"val_loss":0.08468295754492283,"train_acc":0.9885555555555555,"val_acc":0.9781666666666666,"_timestamp":1.7542571546057549e+09,"_runtime":453.1110388,"train_loss":0.036008771226775864,"_step":30}