{"val_loss":0.10527166720728079,"val_acc":0.9751666666666666,"train_acc":0.9928703703703704,"_step":11,"train_loss":0.021276491182511327,"_wandb":{"runtime":184},"_runtime":184.4936402,"epoch":12,"_timestamp":1.7542551671671278e+09}