{"_runtime":142.8494072,"train_loss":0.023804498650271583,"train_acc":0.9919814814814815,"_timestamp":1.75430353974229e+09,"val_loss":0.09163516371448835,"_step":10,"_wandb":{"runtime":142},"epoch":11,"val_acc":0.9778333333333333}