{"_step":5,"_runtime":75.3643747,"train_acc":0.12940740740740742,"val_acc":0.13533333333333333,"_wandb":{"runtime":75},"train_loss":2.345684010752925,"_timestamp":1.7542390690052118e+09,"epoch":6,"val_loss":2.3412713667551674}