{"_timestamp":1.7542430767504885e+09,"_wandb":{"runtime":30},"epoch":1,"_step":0,"train_loss":2.3531161150755704,"val_acc":0.10233333333333333,"train_acc":0.10324074074074074,"val_loss":2.355647289911906,"_runtime":16.5929264}