{"train_acc":0.9955740740740741,"val_loss":0.11355162503321965,"_step":20,"train_loss":0.013584312409162521,"_wandb":{"runtime":344},"epoch":21,"_runtime":344.7083522,"val_acc":0.9778333333333333,"_timestamp":1.7542575034865348e+09}