{"_step":10,"val_acc":0.9778333333333333,"train_acc":0.9919814814814815,"_wandb":{"runtime":154},"_runtime":154.4072025,"val_loss":0.09163516371448835,"_timestamp":1.7543020473387702e+09,"train_loss":0.023804498650271583,"epoch":11}