{"_wandb":{"runtime":202},"_timestamp":1.7542539872192116e+09,"epoch":15,"train_acc":0.9952592592592593,"_runtime":202.3404925,"val_acc":0.9785,"_step":14,"val_loss":0.09063635538270076,"train_loss":0.01386850788350286}