{"_wandb":{"runtime":97},"_step":5,"epoch":6,"val_loss":2.301083951950073,"val_acc":0.094,"train_loss":2.301363776454219,"train_acc":0.09385185185185185,"_timestamp":1.7542423920828643e+09,"_runtime":97.2529556}