{"val_loss":0.10398942745725313,"_runtime":174.711406,"_step":12,"epoch":13,"_timestamp":1.7542992067158213e+09,"train_acc":0.9939814814814815,"val_acc":0.9751666666666666,"_wandb":{"runtime":174},"train_loss":0.018038195919245482}