{"val_acc":0.9773333333333334,"_step":40,"train_acc":0.9908888888888889,"epoch":41,"_timestamp":1.7542585431678622e+09,"val_loss":0.10040917347868283,"train_loss":0.02923146421627866,"_wandb":{"runtime":523},"_runtime":523.7986611}