{"_wandb":{"runtime":356},"_runtime":356.3295292,"train_loss":0.039380159478220676,"val_acc":0.977,"_timestamp":1.7542536451173406e+09,"_step":27,"train_acc":0.9869814814814815,"val_loss":0.09377772295475006,"epoch":28}