{"train_loss":0.02052929664692945,"val_loss":0.10577433504660924,"val_acc":0.9753333333333334,"epoch":17,"_step":16,"train_acc":0.9926481481481482,"_timestamp":1.7543033934908357e+09,"_runtime":213.0938214,"_wandb":{"runtime":213}}