{"_wandb":{"runtime":218},"_runtime":218.6662456,"train_acc":0.9926481481481482,"_timestamp":1.7543018884252138e+09,"_step":16,"epoch":17,"val_loss":0.10577433504660924,"train_loss":0.02052929664692945,"val_acc":0.9753333333333334}