{"_timestamp":1.7542948031826818e+09,"_runtime":234.2363415,"_wandb":{"runtime":234},"epoch":17,"val_loss":0.11952829743425052,"train_acc":0.9938888888888889,"val_acc":0.973,"_step":16,"train_loss":0.0181478666888067}