{"_timestamp":1.7542342533333583e+09,"val_acc":0.973,"_wandb":{"runtime":98},"train_acc":0.9759444444444444,"_runtime":98.5585187,"epoch":8,"train_loss":0.07716053628148856,"val_loss":0.09156584823131561,"_step":7}