{"epoch":30,"_timestamp":1.754265350703087e+09,"_step":29,"val_loss":0.134251209795475,"train_loss":0.030294651876169223,"_wandb":{"runtime":371},"val_acc":0.9688333333333333,"train_acc":0.9899814814814815,"_runtime":371.4580995}