{"epoch":38,"train_loss":0.03090756724912811,"_runtime":462.0516358,"val_acc":0.9795,"_step":37,"train_acc":0.9893888888888889,"val_loss":0.0933725265065829,"_timestamp":1.7542634034463077e+09,"_wandb":{"runtime":462}}