{"_timestamp":1.7542636701919332e+09,"train_acc":0.9947037037037038,"_runtime":263.3895799,"train_loss":0.016583729899039976,"_wandb":{"runtime":263},"_step":20,"val_acc":0.975,"val_loss":0.0949455798616012,"epoch":21}