{"_timestamp":1.7542629208770847e+09,"val_acc":0.9798333333333333,"val_loss":0.0853273869783928,"train_loss":0.02943477355985454,"train_acc":0.9902222222222222,"epoch":47,"_runtime":580.6796896,"_step":46,"_wandb":{"runtime":584}}