{"epoch":28,"train_loss":0.02876681517975198,"_step":27,"_wandb":{"runtime":344},"val_loss":0.12493414930502574,"_runtime":344.60077,"train_acc":0.9906481481481482,"_timestamp":1.7542665464057148e+09,"val_acc":0.97}