{"val_acc":0.977,"_timestamp":1.7542437127852297e+09,"train_loss":0.039380159478220676,"train_acc":0.9869814814814815,"val_loss":0.09377772295475006,"_step":27,"epoch":28,"_wandb":{"runtime":340},"_runtime":340.3905919}