{"_timestamp":1.7542549788207457e+09,"epoch":28,"val_acc":0.977,"train_acc":0.9869814814814815,"_wandb":{"runtime":411},"train_loss":0.039380159478220676,"_runtime":411.6857221,"_step":27,"val_loss":0.09377772295475006}