{"_timestamp":1.7542338272938683e+09,"train_acc":0.9786851851851852,"epoch":11,"train_loss":0.06652333981792131,"_wandb":{"runtime":135},"val_acc":0.9756666666666667,"_step":10,"val_loss":0.07740454958875974,"_runtime":135.2795392}