{"_timestamp":1.7542422903881571e+09,"_wandb":{"runtime":377},"val_acc":0.977,"train_acc":0.9869814814814815,"_runtime":377.3853883,"epoch":28,"train_loss":0.039380159478220676,"val_loss":0.09377772295475006,"_step":27}