{"_runtime":197.5895424,"_wandb":{"runtime":197},"val_acc":0.9758333333333333,"val_loss":0.1067751359641552,"_timestamp":1.7542981998663692e+09,"epoch":16,"train_loss":0.02213954774842218,"_step":15,"train_acc":0.992037037037037}