{"val_loss":0.10419576962292194,"_wandb":{"runtime":198},"val_acc":0.976,"_timestamp":1.7542945647948895e+09,"_runtime":198.9006416,"train_loss":0.021899182824073014,"train_acc":0.9922592592592593,"_step":15,"epoch":16}