{"_step":20,"epoch":21,"_wandb":{"runtime":265},"train_loss":0.0444517657480858,"val_acc":0.977,"train_acc":0.9851666666666666,"_timestamp":1.7542208690493915e+09,"_runtime":265.2944016,"val_loss":0.08347378295163313}