{"epoch":30,"_step":29,"train_loss":0.053861445235985295,"val_loss":0.13549029765526455,"_timestamp":1.754294214388697e+09,"_wandb":{"runtime":366},"val_acc":0.9671666666666666,"train_acc":0.9819444444444444,"_runtime":366.2722601}