{"_runtime":389.3829248,"_step":29,"val_loss":0.117842764655749,"train_acc":0.9972407407407408,"_wandb":{"runtime":389},"val_acc":0.9781666666666666,"epoch":30,"train_loss":0.008792311360248951,"_timestamp":1.7542589359161308e+09}